name,email,role,time_zone
Alice Johnson,svillanelo+alicejohnson@pagerduty.com,user,America/New_York
Bob Martinez,svillanelo+bobmartinez@pagerduty.com,user,America/Chicago
Carol Chen,svillanelo+carolchen@pagerduty.com,admin,America/Los_Angeles
David Kim,svillanelo+davidkim@pagerduty.com,user,America/New_York
Eva Patel,svillanelo+evapatel@pagerduty.com,user,America/Denver
Frank Torres,svillanelo+franktorres@pagerduty.com,limited_user,America/Chicago
Grace Okafor,svillanelo+graceokafor@pagerduty.com,user,America/Los_Angeles
Henry Nguyen,svillanelo+henrynguyen@pagerduty.com,admin,America/New_York
Isabel Rossi,svillanelo+isabelrossi@pagerduty.com,user,Europe/London
James Wright,svillanelo+jameswright@pagerduty.com,user,America/Chicago
Karen Osei,svillanelo+karenosei@pagerduty.com,limited_user,UTC
Liam Reyes,svillanelo+liamreyes@pagerduty.com,user,America/Los_Angeles
Mia Andersen,svillanelo+miaandersen@pagerduty.com,user,Europe/Copenhagen
Nathan Blake,svillanelo+nathanblake@pagerduty.com,user,America/New_York
Olivia Santos,svillanelo+oliviasantos@pagerduty.com,admin,America/Sao_Paulo
Paulo Ferreira,svillanelo+pauloferreira@pagerduty.com,user,America/Sao_Paulo
Quinn Murphy,svillanelo+quinnmurphy@pagerduty.com,user,America/New_York
Rachel Singh,svillanelo+rachelsingh@pagerduty.com,limited_user,Asia/Kolkata
Sam Nakamura,svillanelo+samnakamura@pagerduty.com,user,Asia/Tokyo
Tanya Weber,svillanelo+tanyaweber@pagerduty.com,user,Europe/Berlin
